project_type,cost_basis,item,category,unit,unit_price_usd,price_year,qty,cost_2026_usd,shareable,share_tier,savings_rate,saving_per_unit_usd,rate_basis,sharing_evidence_or_reasoning,price_source,price_source_url,notes
New line 230 kV,per mile,Tangent steel pole - material + insulators/hardware,Material,structure,36770,2024,5,198852,Yes,any distance,0.03,5966,Inference,"Joint/bulk purchasing of standard materials; consortium buying cited in procurement guides, no published utility % found",MISO Transmission Cost Estimation Guide for MTEP24 (May 2024),https://cdn.misoenergy.org/20240501%20PSC%20Item%2004%20MISO%20Transmission%20Cost%20Estimation%20Guide%20for%20MTEP24632680.pdf,
New line 230 kV,per mile,Tangent steel pole - installation + drilled-pier foundation,Labor & equipment,structure,63423,2024,5,342992,No,-,0,0,-,Work or material consumed by each project; not shareable,MISO Transmission Cost Estimation Guide for MTEP24 (May 2024),https://cdn.misoenergy.org/20240501%20PSC%20Item%2004%20MISO%20Transmission%20Cost%20Estimation%20Guide%20for%20MTEP24632680.pdf,
New line 230 kV,per mile,Running angle steel pole - material + insulators/hardware,Material,structure,55452,2024,1,59977,Yes,any distance,0.03,1799,Inference,"Joint/bulk purchasing of standard materials; consortium buying cited in procurement guides, no published utility % found",MISO Transmission Cost Estimation Guide for MTEP24 (May 2024),https://cdn.misoenergy.org/20240501%20PSC%20Item%2004%20MISO%20Transmission%20Cost%20Estimation%20Guide%20for%20MTEP24632680.pdf,
New line 230 kV,per mile,Running angle steel pole - installation + drilled-pier foundation,Labor & equipment,structure,101557,2024,1,109844,No,-,0,0,-,Work or material consumed by each project; not shareable,MISO Transmission Cost Estimation Guide for MTEP24 (May 2024),https://cdn.misoenergy.org/20240501%20PSC%20Item%2004%20MISO%20Transmission%20Cost%20Estimation%20Guide%20for%20MTEP24632680.pdf,
New line 230 kV,per mile,Non-angled deadend steel pole - material + insulators/hardware,Material,structure,73318,2024,0.25,19825,Yes,any distance,0.03,595,Inference,"Joint/bulk purchasing of standard materials; consortium buying cited in procurement guides, no published utility % found",MISO Transmission Cost Estimation Guide for MTEP24 (May 2024),https://cdn.misoenergy.org/20240501%20PSC%20Item%2004%20MISO%20Transmission%20Cost%20Estimation%20Guide%20for%20MTEP24632680.pdf,
New line 230 kV,per mile,Non-angled deadend steel pole - installation + drilled-pier foundation,Labor & equipment,structure,121403,2024,0.25,32827,No,-,0,0,-,Work or material consumed by each project; not shareable,MISO Transmission Cost Estimation Guide for MTEP24 (May 2024),https://cdn.misoenergy.org/20240501%20PSC%20Item%2004%20MISO%20Transmission%20Cost%20Estimation%20Guide%20for%20MTEP24632680.pdf,
New line 230 kV,per mile,Angled deadend steel pole - material + insulators/hardware,Material,structure,99783,2024,0.25,26981,Yes,any distance,0.03,809,Inference,"Joint/bulk purchasing of standard materials; consortium buying cited in procurement guides, no published utility % found",MISO Transmission Cost Estimation Guide for MTEP24 (May 2024),https://cdn.misoenergy.org/20240501%20PSC%20Item%2004%20MISO%20Transmission%20Cost%20Estimation%20Guide%20for%20MTEP24632680.pdf,
New line 230 kV,per mile,Angled deadend steel pole - installation + drilled-pier foundation,Labor & equipment,structure,171212,2024,0.25,46296,No,-,0,0,-,Work or material consumed by each project; not shareable,MISO Transmission Cost Estimation Guide for MTEP24 (May 2024),https://cdn.misoenergy.org/20240501%20PSC%20Item%2004%20MISO%20Transmission%20Cost%20Estimation%20Guide%20for%20MTEP24632680.pdf,
New line 230 kV,per mile,Conductor 795 kcmil Drake ACSS (3 phases) - material,Material,"1,000 ft",1807,2024,16.474,32198,Yes,any distance,0.03,966,Inference,"Joint/bulk purchasing of standard materials; consortium buying cited in procurement guides, no published utility % found",MISO Transmission Cost Estimation Guide for MTEP24 (May 2024),https://cdn.misoenergy.org/20240501%20PSC%20Item%2004%20MISO%20Transmission%20Cost%20Estimation%20Guide%20for%20MTEP24632680.pdf,
New line 230 kV,per mile,"Conductor accessories (sleeves, spacers, dampers)",Material,"1,000 ft",277,2024,16.474,4936,Yes,any distance,0.03,148,Inference,"Joint/bulk purchasing of standard materials; consortium buying cited in procurement guides, no published utility % found",MISO Transmission Cost Estimation Guide for MTEP24 (May 2024),https://cdn.misoenergy.org/20240501%20PSC%20Item%2004%20MISO%20Transmission%20Cost%20Estimation%20Guide%20for%20MTEP24632680.pdf,
New line 230 kV,per mile,"Conductor installation (haul, string, sag, clip)",Labor & equipment,"1,000 ft",2477,2024,16.474,44136,No,-,0,0,-,Work or material consumed by each project; not shareable,MISO Transmission Cost Estimation Guide for MTEP24 (May 2024),https://cdn.misoenergy.org/20240501%20PSC%20Item%2004%20MISO%20Transmission%20Cost%20Estimation%20Guide%20for%20MTEP24632680.pdf,
New line 230 kV,per mile,OPGW fiber shield wire - material,Material,"1,000 ft",2819,2024,5.491,16742,Yes,any distance,0.03,502,Inference,"Joint/bulk purchasing of standard materials; consortium buying cited in procurement guides, no published utility % found",MISO Transmission Cost Estimation Guide for MTEP24 (May 2024),https://cdn.misoenergy.org/20240501%20PSC%20Item%2004%20MISO%20Transmission%20Cost%20Estimation%20Guide%20for%20MTEP24632680.pdf,
New line 230 kV,per mile,OPGW installation,Labor & equipment,"1,000 ft",4229,2024,5.491,25116,No,-,0,0,-,Work or material consumed by each project; not shareable,MISO Transmission Cost Estimation Guide for MTEP24 (May 2024),https://cdn.misoenergy.org/20240501%20PSC%20Item%2004%20MISO%20Transmission%20Cost%20Estimation%20Guide%20for%20MTEP24632680.pdf,
New line 230 kV,per mile,Steel shield wire - material,Material,"1,000 ft",623,2024,5.491,3700,Yes,any distance,0.03,111,Inference,"Joint/bulk purchasing of standard materials; consortium buying cited in procurement guides, no published utility % found",MISO Transmission Cost Estimation Guide for MTEP24 (May 2024),https://cdn.misoenergy.org/20240501%20PSC%20Item%2004%20MISO%20Transmission%20Cost%20Estimation%20Guide%20for%20MTEP24632680.pdf,
New line 230 kV,per mile,Steel shield wire installation,Labor & equipment,"1,000 ft",936,2024,5.491,5559,No,-,0,0,-,Work or material consumed by each project; not shareable,MISO Transmission Cost Estimation Guide for MTEP24 (May 2024),https://cdn.misoenergy.org/20240501%20PSC%20Item%2004%20MISO%20Transmission%20Cost%20Estimation%20Guide%20for%20MTEP24632680.pdf,
New line 230 kV,per mile,"Right-of-way easement + acquisition (125 ft wide, GA pasture)",Land,acre,19147,2024,15.152,304793,Yes,< 1.6 km,0.3,91438,Evidence+Inference,Utilities do share/transfer ROW (GTC bought ~15 mi from Georgia Power; CapX2020 co-location); 30% rate is ours,USDA NASS Land Values 2025 Summary,https://www.nass.usda.gov/Publications/Todays_Reports/reports/land0825.pdf,
New line 230 kV,per mile,Regulatory & permitting (per ROW acre),Permitting,acre,2968,2024,15.152,48641,Yes,< 1.6 km,0.25,12160,Evidence+Inference,"Joint filings/single EIS precedents (CapX2020, Cardinal-Hickory Creek, Oncor-LCRA); 25% rate is ours",MISO Transmission Cost Estimation Guide for MTEP24 (May 2024),https://cdn.misoenergy.org/20240501%20PSC%20Item%2004%20MISO%20Transmission%20Cost%20Estimation%20Guide%20for%20MTEP24632680.pdf,
New line 230 kV,per mile,ROW forest clearing (50% of ROW forested),Site prep,acre,5995,2024,7.576,49124,Yes,< 1.6 km,0.5,24562,Inference,Access roads/clearing built once and used by both crews when corridors run within 1.6 km,MISO Transmission Cost Estimation Guide for MTEP24 (May 2024),https://cdn.misoenergy.org/20240501%20PSC%20Item%2004%20MISO%20Transmission%20Cost%20Estimation%20Guide%20for%20MTEP24632680.pdf,
New line 230 kV,per mile,Access roads (0.1 mi per line mile),Site prep,mile,593636,2024,0.1,64208,Yes,< 1.6 km,0.5,32104,Inference,Access roads/clearing built once and used by both crews when corridors run within 1.6 km,MISO Transmission Cost Estimation Guide for MTEP24 (May 2024),https://cdn.misoenergy.org/20240501%20PSC%20Item%2004%20MISO%20Transmission%20Cost%20Estimation%20Guide%20for%20MTEP24632680.pdf,
New line 230 kV,per mile,Timber access/crane mats (rental),Site logistics,mat-month,105.0,2025,120.0,12600,Yes,< 1.6 km,0.3,3780,Inference,Mats reused across adjacent jobs; freight is the largest mat cost per supplier guide,ConstructionMats.ai - Construction Mat Rental Rates ($60-150/mat/mo),https://www.constructionmats.ai/guides/construction-mat-rental-rates/,Assumes 40 mats x 3 months per mile (coastal GA/SC soft ground)
New line 230 kV,per mile,Laydown yard lease (5 acres x 12 months per project),Site logistics,acre-month,1825.0,2025,6.0,10950,Yes,< 8 km,0.4,4380,Inference,"One combined yard (fence, trailers, security) smaller than two separate yards","Avison Young I-95 Drop Yard, Walterboro SC ($3,000/acre/mo) + Verona WI laydown lease ($650/acre/mo)",https://www.avisonyoung.us/properties/I95DropYard,
New line 230 kV,per mile,LiDAR / aerial corridor survey,Engineering,mile,325.0,2026,1,325,Yes,< 1.6 km,0.5,162,Inference,One LiDAR flight covers both corridors; per-mile pricing is mobilization-heavy,THE FUTURE 3D - Aerial Survey Cost Guide 2026 ($150-500/mi medium corridors),https://thefuture3d.com/blog-0/2026/3/16/aerial-survey-cost-guide,
New line 230 kV,per mile,Heavy equipment mob/demob - cranes & drill rigs (4 units x 2 moves),Mobilization,move,2550.0,2025,0.8,2040,Yes,< 40 km,0.5,1020,Evidence+Inference,"Crews/equipment shared across utilities at cost in mutual assistance (EEI, Helene 2024); planned-construction rate is ours","ThePricer / LatestCost crane rental guides (mob/demob $450-1,200 small, $1,600-3,500 large)",https://www.thepricer.org/crane-rental-cost/,
New line 230 kV,per mile,"Equipment mob/demob - digger derricks, bucket trucks, puller-tensioners, excavators (10 units x 2 moves)",Mobilization,move,825.0,2025,2.0,1650,Yes,< 40 km,0.5,825,Evidence+Inference,"Crews/equipment shared across utilities at cost in mutual assistance (EEI, Helene 2024); planned-construction rate is ours","ThePricer / LatestCost crane rental guides (mob/demob $450-1,200 small, $1,600-3,500 large)",https://www.thepricer.org/crane-rental-cost/,
New line 230 kV,per mile,Line crew travel/setup days (2 crews x 4 days),Mobilization,crew-day,6292,2025,0.8,5034,Yes,< 40 km,0.5,2517,Evidence+Inference,"Crews/equipment shared across utilities at cost in mutual assistance (EEI, Helene 2024); planned-construction rate is ours",BLS OEWS May 2025 state wages (GA) + ECEC benefits load,https://www.bls.gov/oes/tables.htm,"Crew = 1 foreman, 6 linemen, 1 crane op, 2 equipment ops, 1 driver, 3 laborers; loaded wages"
New line 230 kV,per mile,"Engineering, environmental studies, testing (3% of project)",Overhead,lot,44080.38,2026,1,44080,Yes,touching / co-sited,0.15,6612,Evidence+Inference,"Joint design only where lines touch/cross or share a switchyard (Palo Verde, Cardinal-Hickory Creek); rate is ours",MISO Transmission Cost Estimation Guide for MTEP24 (May 2024),https://cdn.misoenergy.org/20240501%20PSC%20Item%2004%20MISO%20Transmission%20Cost%20Estimation%20Guide%20for%20MTEP24632680.pdf,
New line 230 kV,per mile,Project management + A&G overhead (7% of project),Overhead,lot,102854.22,2026,1,102854,Yes,touching / co-sited,0.1,10285,Inference,Joint project management on touching/co-owned projects,MISO Transmission Cost Estimation Guide for MTEP24 (May 2024),https://cdn.misoenergy.org/20240501%20PSC%20Item%2004%20MISO%20Transmission%20Cost%20Estimation%20Guide%20for%20MTEP24632680.pdf,
Rebuild line 230 kV,per mile,Tangent steel pole - material + insulators/hardware,Material,structure,36770,2024,5,198852,Yes,any distance,0.03,5966,Inference,"Joint/bulk purchasing of standard materials; consortium buying cited in procurement guides, no published utility % found",MISO Transmission Cost Estimation Guide for MTEP24 (May 2024),https://cdn.misoenergy.org/20240501%20PSC%20Item%2004%20MISO%20Transmission%20Cost%20Estimation%20Guide%20for%20MTEP24632680.pdf,
Rebuild line 230 kV,per mile,Tangent steel pole - installation + drilled-pier foundation,Labor & equipment,structure,63423,2024,5,342992,No,-,0,0,-,Work or material consumed by each project; not shareable,MISO Transmission Cost Estimation Guide for MTEP24 (May 2024),https://cdn.misoenergy.org/20240501%20PSC%20Item%2004%20MISO%20Transmission%20Cost%20Estimation%20Guide%20for%20MTEP24632680.pdf,
Rebuild line 230 kV,per mile,Running angle steel pole - material + insulators/hardware,Material,structure,55452,2024,1,59977,Yes,any distance,0.03,1799,Inference,"Joint/bulk purchasing of standard materials; consortium buying cited in procurement guides, no published utility % found",MISO Transmission Cost Estimation Guide for MTEP24 (May 2024),https://cdn.misoenergy.org/20240501%20PSC%20Item%2004%20MISO%20Transmission%20Cost%20Estimation%20Guide%20for%20MTEP24632680.pdf,
Rebuild line 230 kV,per mile,Running angle steel pole - installation + drilled-pier foundation,Labor & equipment,structure,101557,2024,1,109844,No,-,0,0,-,Work or material consumed by each project; not shareable,MISO Transmission Cost Estimation Guide for MTEP24 (May 2024),https://cdn.misoenergy.org/20240501%20PSC%20Item%2004%20MISO%20Transmission%20Cost%20Estimation%20Guide%20for%20MTEP24632680.pdf,
Rebuild line 230 kV,per mile,Non-angled deadend steel pole - material + insulators/hardware,Material,structure,73318,2024,0.25,19825,Yes,any distance,0.03,595,Inference,"Joint/bulk purchasing of standard materials; consortium buying cited in procurement guides, no published utility % found",MISO Transmission Cost Estimation Guide for MTEP24 (May 2024),https://cdn.misoenergy.org/20240501%20PSC%20Item%2004%20MISO%20Transmission%20Cost%20Estimation%20Guide%20for%20MTEP24632680.pdf,
Rebuild line 230 kV,per mile,Non-angled deadend steel pole - installation + drilled-pier foundation,Labor & equipment,structure,121403,2024,0.25,32827,No,-,0,0,-,Work or material consumed by each project; not shareable,MISO Transmission Cost Estimation Guide for MTEP24 (May 2024),https://cdn.misoenergy.org/20240501%20PSC%20Item%2004%20MISO%20Transmission%20Cost%20Estimation%20Guide%20for%20MTEP24632680.pdf,
Rebuild line 230 kV,per mile,Angled deadend steel pole - material + insulators/hardware,Material,structure,99783,2024,0.25,26981,Yes,any distance,0.03,809,Inference,"Joint/bulk purchasing of standard materials; consortium buying cited in procurement guides, no published utility % found",MISO Transmission Cost Estimation Guide for MTEP24 (May 2024),https://cdn.misoenergy.org/20240501%20PSC%20Item%2004%20MISO%20Transmission%20Cost%20Estimation%20Guide%20for%20MTEP24632680.pdf,
Rebuild line 230 kV,per mile,Angled deadend steel pole - installation + drilled-pier foundation,Labor & equipment,structure,171212,2024,0.25,46296,No,-,0,0,-,Work or material consumed by each project; not shareable,MISO Transmission Cost Estimation Guide for MTEP24 (May 2024),https://cdn.misoenergy.org/20240501%20PSC%20Item%2004%20MISO%20Transmission%20Cost%20Estimation%20Guide%20for%20MTEP24632680.pdf,
Rebuild line 230 kV,per mile,Conductor 795 kcmil Drake ACSS (3 phases) - material,Material,"1,000 ft",1807,2024,16.474,32198,Yes,any distance,0.03,966,Inference,"Joint/bulk purchasing of standard materials; consortium buying cited in procurement guides, no published utility % found",MISO Transmission Cost Estimation Guide for MTEP24 (May 2024),https://cdn.misoenergy.org/20240501%20PSC%20Item%2004%20MISO%20Transmission%20Cost%20Estimation%20Guide%20for%20MTEP24632680.pdf,
Rebuild line 230 kV,per mile,"Conductor accessories (sleeves, spacers, dampers)",Material,"1,000 ft",277,2024,16.474,4936,Yes,any distance,0.03,148,Inference,"Joint/bulk purchasing of standard materials; consortium buying cited in procurement guides, no published utility % found",MISO Transmission Cost Estimation Guide for MTEP24 (May 2024),https://cdn.misoenergy.org/20240501%20PSC%20Item%2004%20MISO%20Transmission%20Cost%20Estimation%20Guide%20for%20MTEP24632680.pdf,
Rebuild line 230 kV,per mile,"Conductor installation (haul, string, sag, clip)",Labor & equipment,"1,000 ft",2477,2024,16.474,44136,No,-,0,0,-,Work or material consumed by each project; not shareable,MISO Transmission Cost Estimation Guide for MTEP24 (May 2024),https://cdn.misoenergy.org/20240501%20PSC%20Item%2004%20MISO%20Transmission%20Cost%20Estimation%20Guide%20for%20MTEP24632680.pdf,
Rebuild line 230 kV,per mile,OPGW fiber shield wire - material,Material,"1,000 ft",2819,2024,5.491,16742,Yes,any distance,0.03,502,Inference,"Joint/bulk purchasing of standard materials; consortium buying cited in procurement guides, no published utility % found",MISO Transmission Cost Estimation Guide for MTEP24 (May 2024),https://cdn.misoenergy.org/20240501%20PSC%20Item%2004%20MISO%20Transmission%20Cost%20Estimation%20Guide%20for%20MTEP24632680.pdf,
Rebuild line 230 kV,per mile,OPGW installation,Labor & equipment,"1,000 ft",4229,2024,5.491,25116,No,-,0,0,-,Work or material consumed by each project; not shareable,MISO Transmission Cost Estimation Guide for MTEP24 (May 2024),https://cdn.misoenergy.org/20240501%20PSC%20Item%2004%20MISO%20Transmission%20Cost%20Estimation%20Guide%20for%20MTEP24632680.pdf,
Rebuild line 230 kV,per mile,Steel shield wire - material,Material,"1,000 ft",623,2024,5.491,3700,Yes,any distance,0.03,111,Inference,"Joint/bulk purchasing of standard materials; consortium buying cited in procurement guides, no published utility % found",MISO Transmission Cost Estimation Guide for MTEP24 (May 2024),https://cdn.misoenergy.org/20240501%20PSC%20Item%2004%20MISO%20Transmission%20Cost%20Estimation%20Guide%20for%20MTEP24632680.pdf,
Rebuild line 230 kV,per mile,Steel shield wire installation,Labor & equipment,"1,000 ft",936,2024,5.491,5559,No,-,0,0,-,Work or material consumed by each project; not shareable,MISO Transmission Cost Estimation Guide for MTEP24 (May 2024),https://cdn.misoenergy.org/20240501%20PSC%20Item%2004%20MISO%20Transmission%20Cost%20Estimation%20Guide%20for%20MTEP24632680.pdf,
Rebuild line 230 kV,per mile,Remove existing wood-pole line,Labor & equipment,mile,314627,2024,1,340301,No,-,0,0,-,Work or material consumed by each project; not shareable,MISO Transmission Cost Estimation Guide for MTEP24 (May 2024),https://cdn.misoenergy.org/20240501%20PSC%20Item%2004%20MISO%20Transmission%20Cost%20Estimation%20Guide%20for%20MTEP24632680.pdf,
Rebuild line 230 kV,per mile,Timber access/crane mats (rental),Site logistics,mat-month,105.0,2025,120.0,12600,Yes,< 1.6 km,0.3,3780,Inference,Mats reused across adjacent jobs; freight is the largest mat cost per supplier guide,ConstructionMats.ai - Construction Mat Rental Rates ($60-150/mat/mo),https://www.constructionmats.ai/guides/construction-mat-rental-rates/,Assumes 40 mats x 3 months per mile (coastal GA/SC soft ground)
Rebuild line 230 kV,per mile,Laydown yard lease (5 acres x 12 months per project),Site logistics,acre-month,1825.0,2025,6.0,10950,Yes,< 8 km,0.4,4380,Inference,"One combined yard (fence, trailers, security) smaller than two separate yards","Avison Young I-95 Drop Yard, Walterboro SC ($3,000/acre/mo) + Verona WI laydown lease ($650/acre/mo)",https://www.avisonyoung.us/properties/I95DropYard,
Rebuild line 230 kV,per mile,LiDAR / aerial corridor survey,Engineering,mile,325.0,2026,1,325,Yes,< 1.6 km,0.5,162,Inference,One LiDAR flight covers both corridors; per-mile pricing is mobilization-heavy,THE FUTURE 3D - Aerial Survey Cost Guide 2026 ($150-500/mi medium corridors),https://thefuture3d.com/blog-0/2026/3/16/aerial-survey-cost-guide,
Rebuild line 230 kV,per mile,Heavy equipment mob/demob - cranes & drill rigs (4 units x 2 moves),Mobilization,move,2550.0,2025,0.8,2040,Yes,< 40 km,0.5,1020,Evidence+Inference,"Crews/equipment shared across utilities at cost in mutual assistance (EEI, Helene 2024); planned-construction rate is ours","ThePricer / LatestCost crane rental guides (mob/demob $450-1,200 small, $1,600-3,500 large)",https://www.thepricer.org/crane-rental-cost/,
Rebuild line 230 kV,per mile,"Equipment mob/demob - digger derricks, bucket trucks, puller-tensioners, excavators (10 units x 2 moves)",Mobilization,move,825.0,2025,2.0,1650,Yes,< 40 km,0.5,825,Evidence+Inference,"Crews/equipment shared across utilities at cost in mutual assistance (EEI, Helene 2024); planned-construction rate is ours","ThePricer / LatestCost crane rental guides (mob/demob $450-1,200 small, $1,600-3,500 large)",https://www.thepricer.org/crane-rental-cost/,
Rebuild line 230 kV,per mile,Line crew travel/setup days (2 crews x 4 days),Mobilization,crew-day,6292,2025,0.8,5034,Yes,< 40 km,0.5,2517,Evidence+Inference,"Crews/equipment shared across utilities at cost in mutual assistance (EEI, Helene 2024); planned-construction rate is ours",BLS OEWS May 2025 state wages (GA) + ECEC benefits load,https://www.bls.gov/oes/tables.htm,"Crew = 1 foreman, 6 linemen, 1 crane op, 2 equipment ops, 1 driver, 3 laborers; loaded wages"
Rebuild line 230 kV,per mile,"Engineering, environmental studies, testing (3% of project)",Overhead,lot,40286.43,2026,1,40286,Yes,touching / co-sited,0.15,6043,Evidence+Inference,"Joint design only where lines touch/cross or share a switchyard (Palo Verde, Cardinal-Hickory Creek); rate is ours",MISO Transmission Cost Estimation Guide for MTEP24 (May 2024),https://cdn.misoenergy.org/20240501%20PSC%20Item%2004%20MISO%20Transmission%20Cost%20Estimation%20Guide%20for%20MTEP24632680.pdf,
Rebuild line 230 kV,per mile,Project management + A&G overhead (7% of project),Overhead,lot,94001.67,2026,1,94002,Yes,touching / co-sited,0.1,9400,Inference,Joint project management on touching/co-owned projects,MISO Transmission Cost Estimation Guide for MTEP24 (May 2024),https://cdn.misoenergy.org/20240501%20PSC%20Item%2004%20MISO%20Transmission%20Cost%20Estimation%20Guide%20for%20MTEP24632680.pdf,
Reconductor 230 kV,per mile,Conductor 795 kcmil Drake ACSS (3 phases) - material,Material,"1,000 ft",1807,2024,16.474,32198,Yes,any distance,0.03,966,Inference,"Joint/bulk purchasing of standard materials; consortium buying cited in procurement guides, no published utility % found",MISO Transmission Cost Estimation Guide for MTEP24 (May 2024),https://cdn.misoenergy.org/20240501%20PSC%20Item%2004%20MISO%20Transmission%20Cost%20Estimation%20Guide%20for%20MTEP24632680.pdf,
Reconductor 230 kV,per mile,"Conductor accessories (sleeves, spacers, dampers)",Material,"1,000 ft",277,2024,16.474,4936,Yes,any distance,0.03,148,Inference,"Joint/bulk purchasing of standard materials; consortium buying cited in procurement guides, no published utility % found",MISO Transmission Cost Estimation Guide for MTEP24 (May 2024),https://cdn.misoenergy.org/20240501%20PSC%20Item%2004%20MISO%20Transmission%20Cost%20Estimation%20Guide%20for%20MTEP24632680.pdf,
Reconductor 230 kV,per mile,"Conductor installation (haul, string, sag, clip)",Labor & equipment,"1,000 ft",2477,2024,16.474,44136,No,-,0,0,-,Work or material consumed by each project; not shareable,MISO Transmission Cost Estimation Guide for MTEP24 (May 2024),https://cdn.misoenergy.org/20240501%20PSC%20Item%2004%20MISO%20Transmission%20Cost%20Estimation%20Guide%20for%20MTEP24632680.pdf,
Reconductor 230 kV,per mile,Remove old conductor (MISO rule: removal = installation cost),Labor & equipment,"1,000 ft",2477,2024,16.474,44136,No,-,0,0,-,Work or material consumed by each project; not shareable,MISO Transmission Cost Estimation Guide for MTEP24 (May 2024),https://cdn.misoenergy.org/20240501%20PSC%20Item%2004%20MISO%20Transmission%20Cost%20Estimation%20Guide%20for%20MTEP24632680.pdf,
Reconductor 230 kV,per mile,Laydown yard lease (5 acres x 12 months per project),Site logistics,acre-month,1825.0,2025,6.0,10950,Yes,< 8 km,0.4,4380,Inference,"One combined yard (fence, trailers, security) smaller than two separate yards","Avison Young I-95 Drop Yard, Walterboro SC ($3,000/acre/mo) + Verona WI laydown lease ($650/acre/mo)",https://www.avisonyoung.us/properties/I95DropYard,
Reconductor 230 kV,per mile,LiDAR / aerial corridor survey,Engineering,mile,325.0,2026,1,325,Yes,< 1.6 km,0.5,162,Inference,One LiDAR flight covers both corridors; per-mile pricing is mobilization-heavy,THE FUTURE 3D - Aerial Survey Cost Guide 2026 ($150-500/mi medium corridors),https://thefuture3d.com/blog-0/2026/3/16/aerial-survey-cost-guide,
Reconductor 230 kV,per mile,Heavy equipment mob/demob - cranes & drill rigs (4 units x 2 moves),Mobilization,move,2550.0,2025,0.8,2040,Yes,< 40 km,0.5,1020,Evidence+Inference,"Crews/equipment shared across utilities at cost in mutual assistance (EEI, Helene 2024); planned-construction rate is ours","ThePricer / LatestCost crane rental guides (mob/demob $450-1,200 small, $1,600-3,500 large)",https://www.thepricer.org/crane-rental-cost/,
Reconductor 230 kV,per mile,"Equipment mob/demob - digger derricks, bucket trucks, puller-tensioners, excavators (10 units x 2 moves)",Mobilization,move,825.0,2025,2.0,1650,Yes,< 40 km,0.5,825,Evidence+Inference,"Crews/equipment shared across utilities at cost in mutual assistance (EEI, Helene 2024); planned-construction rate is ours","ThePricer / LatestCost crane rental guides (mob/demob $450-1,200 small, $1,600-3,500 large)",https://www.thepricer.org/crane-rental-cost/,
Reconductor 230 kV,per mile,Line crew travel/setup days (2 crews x 4 days),Mobilization,crew-day,6292,2025,0.8,5034,Yes,< 40 km,0.5,2517,Evidence+Inference,"Crews/equipment shared across utilities at cost in mutual assistance (EEI, Helene 2024); planned-construction rate is ours",BLS OEWS May 2025 state wages (GA) + ECEC benefits load,https://www.bls.gov/oes/tables.htm,"Crew = 1 foreman, 6 linemen, 1 crane op, 2 equipment ops, 1 driver, 3 laborers; loaded wages"
Reconductor 230 kV,per mile,"Engineering, environmental studies, testing (3% of project)",Overhead,lot,4362.15,2026,1,4362,Yes,touching / co-sited,0.15,654,Evidence+Inference,"Joint design only where lines touch/cross or share a switchyard (Palo Verde, Cardinal-Hickory Creek); rate is ours",MISO Transmission Cost Estimation Guide for MTEP24 (May 2024),https://cdn.misoenergy.org/20240501%20PSC%20Item%2004%20MISO%20Transmission%20Cost%20Estimation%20Guide%20for%20MTEP24632680.pdf,
Reconductor 230 kV,per mile,Project management + A&G overhead (7% of project),Overhead,lot,10178.35,2026,1,10178,Yes,touching / co-sited,0.1,1018,Inference,Joint project management on touching/co-owned projects,MISO Transmission Cost Estimation Guide for MTEP24 (May 2024),https://cdn.misoenergy.org/20240501%20PSC%20Item%2004%20MISO%20Transmission%20Cost%20Estimation%20Guide%20for%20MTEP24632680.pdf,
New substation 230 kV (4-position ring bus),per project,230 kV SF6 circuit breaker - material,Material,each,112791,2024,4,487979,Yes,any distance,0.03,14639,Inference,"Joint/bulk purchasing of standard materials; consortium buying cited in procurement guides, no published utility % found",MISO Transmission Cost Estimation Guide for MTEP24 (May 2024),https://cdn.misoenergy.org/20240501%20PSC%20Item%2004%20MISO%20Transmission%20Cost%20Estimation%20Guide%20for%20MTEP24632680.pdf,
New substation 230 kV (4-position ring bus),per project,"230 kV SF6 circuit breaker - installation, wiring, foundation",Labor & equipment,each,42127,2024,4,182258,No,-,0,0,-,Work or material consumed by each project; not shareable,MISO Transmission Cost Estimation Guide for MTEP24 (May 2024),https://cdn.misoenergy.org/20240501%20PSC%20Item%2004%20MISO%20Transmission%20Cost%20Estimation%20Guide%20for%20MTEP24632680.pdf,
New substation 230 kV (4-position ring bus),per project,230 kV 3-phase disconnect switch + steel stand - material,Material,each,32826,2024,8,284037,Yes,any distance,0.03,8521,Inference,"Joint/bulk purchasing of standard materials; consortium buying cited in procurement guides, no published utility % found",MISO Transmission Cost Estimation Guide for MTEP24 (May 2024),https://cdn.misoenergy.org/20240501%20PSC%20Item%2004%20MISO%20Transmission%20Cost%20Estimation%20Guide%20for%20MTEP24632680.pdf,
New substation 230 kV (4-position ring bus),per project,"230 kV 3-phase disconnect switch + steel stand - installation, wiring, foundation",Labor & equipment,each,43354,2024,8,375133,No,-,0,0,-,Work or material consumed by each project; not shareable,MISO Transmission Cost Estimation Guide for MTEP24 (May 2024),https://cdn.misoenergy.org/20240501%20PSC%20Item%2004%20MISO%20Transmission%20Cost%20Estimation%20Guide%20for%20MTEP24632680.pdf,
New substation 230 kV (4-position ring bus),per project,230 kV voltage transformer set (3) + stand - material,Material,each,46096,2024,4,199430,Yes,any distance,0.03,5983,Inference,"Joint/bulk purchasing of standard materials; consortium buying cited in procurement guides, no published utility % found",MISO Transmission Cost Estimation Guide for MTEP24 (May 2024),https://cdn.misoenergy.org/20240501%20PSC%20Item%2004%20MISO%20Transmission%20Cost%20Estimation%20Guide%20for%20MTEP24632680.pdf,
New substation 230 kV (4-position ring bus),per project,"230 kV voltage transformer set (3) + stand - installation, wiring, foundation",Labor & equipment,each,28363,2024,4,122710,No,-,0,0,-,Work or material consumed by each project; not shareable,MISO Transmission Cost Estimation Guide for MTEP24 (May 2024),https://cdn.misoenergy.org/20240501%20PSC%20Item%2004%20MISO%20Transmission%20Cost%20Estimation%20Guide%20for%20MTEP24632680.pdf,
New substation 230 kV (4-position ring bus),per project,"230 kV bus, supports & fittings (3-phase) - material",Material,each,16053,2024,12,208355,Yes,any distance,0.03,6251,Inference,"Joint/bulk purchasing of standard materials; consortium buying cited in procurement guides, no published utility % found",MISO Transmission Cost Estimation Guide for MTEP24 (May 2024),https://cdn.misoenergy.org/20240501%20PSC%20Item%2004%20MISO%20Transmission%20Cost%20Estimation%20Guide%20for%20MTEP24632680.pdf,
New substation 230 kV (4-position ring bus),per project,"230 kV bus, supports & fittings (3-phase) - installation, wiring, foundation",Labor & equipment,each,30206,2024,12,392050,No,-,0,0,-,Work or material consumed by each project; not shareable,MISO Transmission Cost Estimation Guide for MTEP24 (May 2024),https://cdn.misoenergy.org/20240501%20PSC%20Item%2004%20MISO%20Transmission%20Cost%20Estimation%20Guide%20for%20MTEP24632680.pdf,
New substation 230 kV (4-position ring bus),per project,230 kV angled deadend structure - material,Material,each,99783,2024,4,431701,Yes,any distance,0.03,12951,Inference,"Joint/bulk purchasing of standard materials; consortium buying cited in procurement guides, no published utility % found",MISO Transmission Cost Estimation Guide for MTEP24 (May 2024),https://cdn.misoenergy.org/20240501%20PSC%20Item%2004%20MISO%20Transmission%20Cost%20Estimation%20Guide%20for%20MTEP24632680.pdf,
New substation 230 kV (4-position ring bus),per project,"230 kV angled deadend structure - installation, wiring, foundation",Labor & equipment,each,171212,2024,4,740732,No,-,0,0,-,Work or material consumed by each project; not shareable,MISO Transmission Cost Estimation Guide for MTEP24 (May 2024),https://cdn.misoenergy.org/20240501%20PSC%20Item%2004%20MISO%20Transmission%20Cost%20Estimation%20Guide%20for%20MTEP24632680.pdf,
New substation 230 kV (4-position ring bus),per project,Protection relay panel - material,Material,each,43336,2024,6,281233,Yes,any distance,0.03,8437,Inference,"Joint/bulk purchasing of standard materials; consortium buying cited in procurement guides, no published utility % found",MISO Transmission Cost Estimation Guide for MTEP24 (May 2024),https://cdn.misoenergy.org/20240501%20PSC%20Item%2004%20MISO%20Transmission%20Cost%20Estimation%20Guide%20for%20MTEP24632680.pdf,
New substation 230 kV (4-position ring bus),per project,"Protection relay panel - installation, wiring, foundation",Labor & equipment,each,86671,2024,6,562460,No,-,0,0,-,Work or material consumed by each project; not shareable,MISO Transmission Cost Estimation Guide for MTEP24 (May 2024),https://cdn.misoenergy.org/20240501%20PSC%20Item%2004%20MISO%20Transmission%20Cost%20Estimation%20Guide%20for%20MTEP24632680.pdf,
New substation 230 kV (4-position ring bus),per project,Control enclosure (500 sq ft) material + install,Material,each,356182,2024,1,385246,Yes,touching / co-sited,0.5,192623,Evidence+Inference,"Jointly owned switchyards exist (Palo Verde/Hassayampa, DESC-Santee Cooper Canadys); rate is ours",MISO Transmission Cost Estimation Guide for MTEP24 (May 2024),https://cdn.misoenergy.org/20240501%20PSC%20Item%2004%20MISO%20Transmission%20Cost%20Estimation%20Guide%20for%20MTEP24632680.pdf,
New substation 230 kV (4-position ring bus),per project,Station battery + charger,Material,each,118727,2024,1,128415,Yes,touching / co-sited,0.5,64208,Evidence+Inference,"Jointly owned switchyards exist (Palo Verde/Hassayampa, DESC-Santee Cooper Canadys); rate is ours",MISO Transmission Cost Estimation Guide for MTEP24 (May 2024),https://cdn.misoenergy.org/20240501%20PSC%20Item%2004%20MISO%20Transmission%20Cost%20Estimation%20Guide%20for%20MTEP24632680.pdf,
New substation 230 kV (4-position ring bus),per project,"Communication equipment (RTU, fiber panel, HMI)",Material,each,118727,2024,1,128415,Yes,touching / co-sited,0.5,64208,Evidence+Inference,"Jointly owned switchyards exist (Palo Verde/Hassayampa, DESC-Santee Cooper Canadys); rate is ours",MISO Transmission Cost Estimation Guide for MTEP24 (May 2024),https://cdn.misoenergy.org/20240501%20PSC%20Item%2004%20MISO%20Transmission%20Cost%20Estimation%20Guide%20for%20MTEP24632680.pdf,
New substation 230 kV (4-position ring bus),per project,Station service power,Material,each,130600,2024,1,141257,Yes,touching / co-sited,0.5,70628,Evidence+Inference,"Jointly owned switchyards exist (Palo Verde/Hassayampa, DESC-Santee Cooper Canadys); rate is ours",MISO Transmission Cost Estimation Guide for MTEP24 (May 2024),https://cdn.misoenergy.org/20240501%20PSC%20Item%2004%20MISO%20Transmission%20Cost%20Estimation%20Guide%20for%20MTEP24632680.pdf,
New substation 230 kV (4-position ring bus),per project,Control enclosure foundation,Labor & equipment,each,28001,2024,1,30286,Yes,touching / co-sited,0.5,15143,Evidence+Inference,"Jointly owned switchyards exist (Palo Verde/Hassayampa, DESC-Santee Cooper Canadys); rate is ours",MISO Transmission Cost Estimation Guide for MTEP24 (May 2024),https://cdn.misoenergy.org/20240501%20PSC%20Item%2004%20MISO%20Transmission%20Cost%20Estimation%20Guide%20for%20MTEP24632680.pdf,
New substation 230 kV (4-position ring bus),per project,Control cable (100 ft units) material + install,Material,100 ft,949.8,2024,440,452014,No,-,0,0,-,Work or material consumed by each project; not shareable,MISO Transmission Cost Estimation Guide for MTEP24 (May 2024),https://cdn.misoenergy.org/20240501%20PSC%20Item%2004%20MISO%20Transmission%20Cost%20Estimation%20Guide%20for%20MTEP24632680.pdf,
New substation 230 kV (4-position ring bus),per project,Conduit (10 ft units) material + install,Labor & equipment,10 ft,510.53,2024,330,182222,No,-,0,0,-,Work or material consumed by each project; not shareable,MISO Transmission Cost Estimation Guide for MTEP24 (May 2024),https://cdn.misoenergy.org/20240501%20PSC%20Item%2004%20MISO%20Transmission%20Cost%20Estimation%20Guide%20for%20MTEP24632680.pdf,
New substation 230 kV (4-position ring bus),per project,Cable trench material + install,Labor & equipment,ft,296,2024,220,70434,No,-,0,0,-,Work or material consumed by each project; not shareable,MISO Transmission Cost Estimation Guide for MTEP24 (May 2024),https://cdn.misoenergy.org/20240501%20PSC%20Item%2004%20MISO%20Transmission%20Cost%20Estimation%20Guide%20for%20MTEP24632680.pdf,
New substation 230 kV (4-position ring bus),per project,"Site work: clearing, grading, ground grid, fence (2.4 acres)",Site prep,acre,403539,2024,2.4,1047523,Yes,touching / co-sited,0.4,419009,Evidence+Inference,"Jointly owned switchyards exist (Palo Verde/Hassayampa, DESC-Santee Cooper Canadys); rate is ours",MISO Transmission Cost Estimation Guide for MTEP24 (May 2024),https://cdn.misoenergy.org/20240501%20PSC%20Item%2004%20MISO%20Transmission%20Cost%20Estimation%20Guide%20for%20MTEP24632680.pdf,
New substation 230 kV (4-position ring bus),per project,"Substation land (2.4 acres, GA pasture + acquisition)",Land,acre,19147,2024,2.4,48279,Yes,< 1.6 km,0.3,14484,Evidence+Inference,Utilities do share/transfer ROW (GTC bought ~15 mi from Georgia Power; CapX2020 co-location); 30% rate is ours,USDA NASS Land Values 2025 Summary,https://www.nass.usda.gov/Publications/Todays_Reports/reports/land0825.pdf,
New substation 230 kV (4-position ring bus),per project,Regulatory & permitting (per acre),Permitting,acre,2968,2024,2.4,7704,Yes,< 1.6 km,0.25,1926,Evidence+Inference,"Joint filings/single EIS precedents (CapX2020, Cardinal-Hickory Creek, Oncor-LCRA); 25% rate is ours",MISO Transmission Cost Estimation Guide for MTEP24 (May 2024),https://cdn.misoenergy.org/20240501%20PSC%20Item%2004%20MISO%20Transmission%20Cost%20Estimation%20Guide%20for%20MTEP24632680.pdf,
New substation 230 kV (4-position ring bus),per project,Access road (1 mile),Site prep,mile,593636,2024,1,642077,Yes,< 1.6 km,0.5,321038,Inference,Access roads/clearing built once and used by both crews when corridors run within 1.6 km,MISO Transmission Cost Estimation Guide for MTEP24 (May 2024),https://cdn.misoenergy.org/20240501%20PSC%20Item%2004%20MISO%20Transmission%20Cost%20Estimation%20Guide%20for%20MTEP24632680.pdf,
New substation 230 kV (4-position ring bus),per project,Laydown / staging yard lease,Site logistics,acre-month,1825.0,2025,9,16425,Yes,< 8 km,0.4,6570,Inference,"One combined yard (fence, trailers, security) smaller than two separate yards","Avison Young I-95 Drop Yard, Walterboro SC ($3,000/acre/mo) + Verona WI laydown lease ($650/acre/mo)",https://www.avisonyoung.us/properties/I95DropYard,
New substation 230 kV (4-position ring bus),per project,"Heavy equipment mob/demob - crane, drill rig",Mobilization,move,2550.0,2025,4,10200,Yes,< 40 km,0.5,5100,Evidence+Inference,"Crews/equipment shared across utilities at cost in mutual assistance (EEI, Helene 2024); planned-construction rate is ours","ThePricer / LatestCost crane rental guides (mob/demob $450-1,200 small, $1,600-3,500 large)",https://www.thepricer.org/crane-rental-cost/,
New substation 230 kV (4-position ring bus),per project,"Equipment mob/demob - bucket trucks, excavator, trailers",Mobilization,move,825.0,2025,8,6600,Yes,< 40 km,0.5,3300,Evidence+Inference,"Crews/equipment shared across utilities at cost in mutual assistance (EEI, Helene 2024); planned-construction rate is ours","ThePricer / LatestCost crane rental guides (mob/demob $450-1,200 small, $1,600-3,500 large)",https://www.thepricer.org/crane-rental-cost/,
New substation 230 kV (4-position ring bus),per project,Substation crew travel/setup days,Mobilization,crew-day,4699,2025,4,18796,Yes,< 40 km,0.5,9398,Evidence+Inference,"Crews/equipment shared across utilities at cost in mutual assistance (EEI, Helene 2024); planned-construction rate is ours",BLS OEWS May 2025 state wages (GA) + ECEC benefits load,https://www.bls.gov/oes/tables.htm,"Crew = 1 foreman, 6 electricians, 1 crane op, 1 equipment op, 3 laborers; loaded wages"
New substation 230 kV (4-position ring bus),per project,"Engineering, environmental studies, testing (3% of project)",Overhead,lot,227519.13,2026,1,227519,Yes,touching / co-sited,0.15,34128,Evidence+Inference,"Joint design only where lines touch/cross or share a switchyard (Palo Verde, Cardinal-Hickory Creek); rate is ours",MISO Transmission Cost Estimation Guide for MTEP24 (May 2024),https://cdn.misoenergy.org/20240501%20PSC%20Item%2004%20MISO%20Transmission%20Cost%20Estimation%20Guide%20for%20MTEP24632680.pdf,
New substation 230 kV (4-position ring bus),per project,Project management + A&G overhead (7% of project),Overhead,lot,530877.97,2026,1,530878,Yes,touching / co-sited,0.1,53088,Inference,Joint project management on touching/co-owned projects,MISO Transmission Cost Estimation Guide for MTEP24 (May 2024),https://cdn.misoenergy.org/20240501%20PSC%20Item%2004%20MISO%20Transmission%20Cost%20Estimation%20Guide%20for%20MTEP24632680.pdf,
Substation upgrade 230 kV (add 1 ring-bus position),per project,230 kV SF6 circuit breaker - material,Material,each,112791,2024,1,121995,Yes,any distance,0.03,3660,Inference,"Joint/bulk purchasing of standard materials; consortium buying cited in procurement guides, no published utility % found",MISO Transmission Cost Estimation Guide for MTEP24 (May 2024),https://cdn.misoenergy.org/20240501%20PSC%20Item%2004%20MISO%20Transmission%20Cost%20Estimation%20Guide%20for%20MTEP24632680.pdf,
Substation upgrade 230 kV (add 1 ring-bus position),per project,"230 kV SF6 circuit breaker - installation, wiring, foundation",Labor & equipment,each,42127,2024,1,45565,No,-,0,0,-,Work or material consumed by each project; not shareable,MISO Transmission Cost Estimation Guide for MTEP24 (May 2024),https://cdn.misoenergy.org/20240501%20PSC%20Item%2004%20MISO%20Transmission%20Cost%20Estimation%20Guide%20for%20MTEP24632680.pdf,
Substation upgrade 230 kV (add 1 ring-bus position),per project,230 kV 3-phase disconnect switch + steel stand - material,Material,each,32826,2024,2,71009,Yes,any distance,0.03,2130,Inference,"Joint/bulk purchasing of standard materials; consortium buying cited in procurement guides, no published utility % found",MISO Transmission Cost Estimation Guide for MTEP24 (May 2024),https://cdn.misoenergy.org/20240501%20PSC%20Item%2004%20MISO%20Transmission%20Cost%20Estimation%20Guide%20for%20MTEP24632680.pdf,
Substation upgrade 230 kV (add 1 ring-bus position),per project,"230 kV 3-phase disconnect switch + steel stand - installation, wiring, foundation",Labor & equipment,each,43354,2024,2,93783,No,-,0,0,-,Work or material consumed by each project; not shareable,MISO Transmission Cost Estimation Guide for MTEP24 (May 2024),https://cdn.misoenergy.org/20240501%20PSC%20Item%2004%20MISO%20Transmission%20Cost%20Estimation%20Guide%20for%20MTEP24632680.pdf,
Substation upgrade 230 kV (add 1 ring-bus position),per project,230 kV voltage transformer set (3) + stand - material,Material,each,46096,2024,1,49857,Yes,any distance,0.03,1496,Inference,"Joint/bulk purchasing of standard materials; consortium buying cited in procurement guides, no published utility % found",MISO Transmission Cost Estimation Guide for MTEP24 (May 2024),https://cdn.misoenergy.org/20240501%20PSC%20Item%2004%20MISO%20Transmission%20Cost%20Estimation%20Guide%20for%20MTEP24632680.pdf,
Substation upgrade 230 kV (add 1 ring-bus position),per project,"230 kV voltage transformer set (3) + stand - installation, wiring, foundation",Labor & equipment,each,28363,2024,1,30677,No,-,0,0,-,Work or material consumed by each project; not shareable,MISO Transmission Cost Estimation Guide for MTEP24 (May 2024),https://cdn.misoenergy.org/20240501%20PSC%20Item%2004%20MISO%20Transmission%20Cost%20Estimation%20Guide%20for%20MTEP24632680.pdf,
Substation upgrade 230 kV (add 1 ring-bus position),per project,"230 kV bus, supports & fittings (3-phase) - material",Material,each,16053,2024,4,69452,Yes,any distance,0.03,2084,Inference,"Joint/bulk purchasing of standard materials; consortium buying cited in procurement guides, no published utility % found",MISO Transmission Cost Estimation Guide for MTEP24 (May 2024),https://cdn.misoenergy.org/20240501%20PSC%20Item%2004%20MISO%20Transmission%20Cost%20Estimation%20Guide%20for%20MTEP24632680.pdf,
Substation upgrade 230 kV (add 1 ring-bus position),per project,"230 kV bus, supports & fittings (3-phase) - installation, wiring, foundation",Labor & equipment,each,30206,2024,4,130683,No,-,0,0,-,Work or material consumed by each project; not shareable,MISO Transmission Cost Estimation Guide for MTEP24 (May 2024),https://cdn.misoenergy.org/20240501%20PSC%20Item%2004%20MISO%20Transmission%20Cost%20Estimation%20Guide%20for%20MTEP24632680.pdf,
Substation upgrade 230 kV (add 1 ring-bus position),per project,230 kV angled deadend structure - material,Material,each,99783,2024,1,107925,Yes,any distance,0.03,3238,Inference,"Joint/bulk purchasing of standard materials; consortium buying cited in procurement guides, no published utility % found",MISO Transmission Cost Estimation Guide for MTEP24 (May 2024),https://cdn.misoenergy.org/20240501%20PSC%20Item%2004%20MISO%20Transmission%20Cost%20Estimation%20Guide%20for%20MTEP24632680.pdf,
Substation upgrade 230 kV (add 1 ring-bus position),per project,"230 kV angled deadend structure - installation, wiring, foundation",Labor & equipment,each,171212,2024,1,185183,No,-,0,0,-,Work or material consumed by each project; not shareable,MISO Transmission Cost Estimation Guide for MTEP24 (May 2024),https://cdn.misoenergy.org/20240501%20PSC%20Item%2004%20MISO%20Transmission%20Cost%20Estimation%20Guide%20for%20MTEP24632680.pdf,
Substation upgrade 230 kV (add 1 ring-bus position),per project,Protection relay panel - material,Material,each,43336,2024,1,46872,Yes,any distance,0.03,1406,Inference,"Joint/bulk purchasing of standard materials; consortium buying cited in procurement guides, no published utility % found",MISO Transmission Cost Estimation Guide for MTEP24 (May 2024),https://cdn.misoenergy.org/20240501%20PSC%20Item%2004%20MISO%20Transmission%20Cost%20Estimation%20Guide%20for%20MTEP24632680.pdf,
Substation upgrade 230 kV (add 1 ring-bus position),per project,"Protection relay panel - installation, wiring, foundation",Labor & equipment,each,86671,2024,1,93743,No,-,0,0,-,Work or material consumed by each project; not shareable,MISO Transmission Cost Estimation Guide for MTEP24 (May 2024),https://cdn.misoenergy.org/20240501%20PSC%20Item%2004%20MISO%20Transmission%20Cost%20Estimation%20Guide%20for%20MTEP24632680.pdf,
Substation upgrade 230 kV (add 1 ring-bus position),per project,Control cable (100 ft units) material + install,Material,100 ft,949.8,2024,110,113003,No,-,0,0,-,Work or material consumed by each project; not shareable,MISO Transmission Cost Estimation Guide for MTEP24 (May 2024),https://cdn.misoenergy.org/20240501%20PSC%20Item%2004%20MISO%20Transmission%20Cost%20Estimation%20Guide%20for%20MTEP24632680.pdf,
Substation upgrade 230 kV (add 1 ring-bus position),per project,Conduit (10 ft units) material + install,Labor & equipment,10 ft,510.53,2024,80,44175,No,-,0,0,-,Work or material consumed by each project; not shareable,MISO Transmission Cost Estimation Guide for MTEP24 (May 2024),https://cdn.misoenergy.org/20240501%20PSC%20Item%2004%20MISO%20Transmission%20Cost%20Estimation%20Guide%20for%20MTEP24632680.pdf,
Substation upgrade 230 kV (add 1 ring-bus position),per project,Cable trench material + install,Labor & equipment,ft,296,2024,60,19209,No,-,0,0,-,Work or material consumed by each project; not shareable,MISO Transmission Cost Estimation Guide for MTEP24 (May 2024),https://cdn.misoenergy.org/20240501%20PSC%20Item%2004%20MISO%20Transmission%20Cost%20Estimation%20Guide%20for%20MTEP24632680.pdf,
Substation upgrade 230 kV (add 1 ring-bus position),per project,Site work: yard expansion (0.6 acre),Site prep,acre,403539,2024,0.6,261881,No,-,0,0,-,Work or material consumed by each project; not shareable,MISO Transmission Cost Estimation Guide for MTEP24 (May 2024),https://cdn.misoenergy.org/20240501%20PSC%20Item%2004%20MISO%20Transmission%20Cost%20Estimation%20Guide%20for%20MTEP24632680.pdf,
Substation upgrade 230 kV (add 1 ring-bus position),per project,Laydown / staging yard lease,Site logistics,acre-month,1825.0,2025,3,5475,Yes,< 8 km,0.4,2190,Inference,"One combined yard (fence, trailers, security) smaller than two separate yards","Avison Young I-95 Drop Yard, Walterboro SC ($3,000/acre/mo) + Verona WI laydown lease ($650/acre/mo)",https://www.avisonyoung.us/properties/I95DropYard,
Substation upgrade 230 kV (add 1 ring-bus position),per project,"Heavy equipment mob/demob - crane, drill rig",Mobilization,move,2550.0,2025,2,5100,Yes,< 40 km,0.5,2550,Evidence+Inference,"Crews/equipment shared across utilities at cost in mutual assistance (EEI, Helene 2024); planned-construction rate is ours","ThePricer / LatestCost crane rental guides (mob/demob $450-1,200 small, $1,600-3,500 large)",https://www.thepricer.org/crane-rental-cost/,
Substation upgrade 230 kV (add 1 ring-bus position),per project,"Equipment mob/demob - bucket trucks, excavator, trailers",Mobilization,move,825.0,2025,4,3300,Yes,< 40 km,0.5,1650,Evidence+Inference,"Crews/equipment shared across utilities at cost in mutual assistance (EEI, Helene 2024); planned-construction rate is ours","ThePricer / LatestCost crane rental guides (mob/demob $450-1,200 small, $1,600-3,500 large)",https://www.thepricer.org/crane-rental-cost/,
Substation upgrade 230 kV (add 1 ring-bus position),per project,Substation crew travel/setup days,Mobilization,crew-day,4699,2025,4,18796,Yes,< 40 km,0.5,9398,Evidence+Inference,"Crews/equipment shared across utilities at cost in mutual assistance (EEI, Helene 2024); planned-construction rate is ours",BLS OEWS May 2025 state wages (GA) + ECEC benefits load,https://www.bls.gov/oes/tables.htm,"Crew = 1 foreman, 6 electricians, 1 crane op, 1 equipment op, 3 laborers; loaded wages"
Substation upgrade 230 kV (add 1 ring-bus position),per project,"Engineering, environmental studies, testing (3% of project)",Overhead,lot,45530.49,2026,1,45530,Yes,touching / co-sited,0.15,6830,Evidence+Inference,"Joint design only where lines touch/cross or share a switchyard (Palo Verde, Cardinal-Hickory Creek); rate is ours",MISO Transmission Cost Estimation Guide for MTEP24 (May 2024),https://cdn.misoenergy.org/20240501%20PSC%20Item%2004%20MISO%20Transmission%20Cost%20Estimation%20Guide%20for%20MTEP24632680.pdf,
Substation upgrade 230 kV (add 1 ring-bus position),per project,Project management + A&G overhead (7% of project),Overhead,lot,106237.81,2026,1,106238,Yes,touching / co-sited,0.1,10624,Inference,Joint project management on touching/co-owned projects,MISO Transmission Cost Estimation Guide for MTEP24 (May 2024),https://cdn.misoenergy.org/20240501%20PSC%20Item%2004%20MISO%20Transmission%20Cost%20Estimation%20Guide%20for%20MTEP24632680.pdf,
Equipment (300 MVA 230/115 kV transformer + 50 MVAr reactor),per project,"Power transformer 230/115 kV, 300 MVA (incl. shipping, foundation, install)",Material,MVA,5896,2024,300,1913134,Yes,any distance,0.03,57394,Inference,"Joint/bulk purchasing of standard materials; consortium buying cited in procurement guides, no published utility % found",MISO Transmission Cost Estimation Guide for MTEP24 (May 2024),https://cdn.misoenergy.org/20240501%20PSC%20Item%2004%20MISO%20Transmission%20Cost%20Estimation%20Guide%20for%20MTEP24632680.pdf,
Equipment (300 MVA 230/115 kV transformer + 50 MVAr reactor),per project,"Shunt reactor 230 kV, 50 MVAr (installed)",Material,MVAr,16117,2024,50,871607,Yes,any distance,0.03,26148,Inference,"Joint/bulk purchasing of standard materials; consortium buying cited in procurement guides, no published utility % found",MISO Transmission Cost Estimation Guide for MTEP24 (May 2024),https://cdn.misoenergy.org/20240501%20PSC%20Item%2004%20MISO%20Transmission%20Cost%20Estimation%20Guide%20for%20MTEP24632680.pdf,
Equipment (300 MVA 230/115 kV transformer + 50 MVAr reactor),per project,230 kV circuit breakers for the two new bays - material,Material,each,112791,2024,2,243989,Yes,any distance,0.03,7320,Inference,"Joint/bulk purchasing of standard materials; consortium buying cited in procurement guides, no published utility % found",MISO Transmission Cost Estimation Guide for MTEP24 (May 2024),https://cdn.misoenergy.org/20240501%20PSC%20Item%2004%20MISO%20Transmission%20Cost%20Estimation%20Guide%20for%20MTEP24632680.pdf,
Equipment (300 MVA 230/115 kV transformer + 50 MVAr reactor),per project,"230 kV breakers - installation, wiring, foundation",Labor & equipment,each,42127,2024,2,91129,No,-,0,0,-,Work or material consumed by each project; not shareable,MISO Transmission Cost Estimation Guide for MTEP24 (May 2024),https://cdn.misoenergy.org/20240501%20PSC%20Item%2004%20MISO%20Transmission%20Cost%20Estimation%20Guide%20for%20MTEP24632680.pdf,
Equipment (300 MVA 230/115 kV transformer + 50 MVAr reactor),per project,Protection relay panels (material + install),Material,each,130007,2024,2,281231,Yes,any distance,0.03,8437,Inference,"Joint/bulk purchasing of standard materials; consortium buying cited in procurement guides, no published utility % found",MISO Transmission Cost Estimation Guide for MTEP24 (May 2024),https://cdn.misoenergy.org/20240501%20PSC%20Item%2004%20MISO%20Transmission%20Cost%20Estimation%20Guide%20for%20MTEP24632680.pdf,
Equipment (300 MVA 230/115 kV transformer + 50 MVAr reactor),per project,"Heavy-haul rail (Schnabel car, ~20 days)",Logistics,day,2500,2025,20,50000,Yes,< 40 km,0.25,12500,Inference,"Shared route surveys, permits and escorts for heavy-haul deliveries on the same route","Electrical Engineering Portal - transporting Large Power Transformers (Schnabel car up to $2,500/day)",https://electrical-engineering-portal.com/how-challenging-can-be-transporting-of-a-large-power-transformer-lpt,Route survey/permits/escorts shared when both deliveries use the same route
Equipment (300 MVA 230/115 kV transformer + 50 MVAr reactor),per project,"Strategic spare transformer (optional, same rating)",Material,MVA,5896,2024,300,1913134,Yes,any distance,0.67,1281800,Evidence,Grid Assurance: pooled spares cost 3-5x less; STEP/RESTORE pools cover 230-115 kV,MISO Transmission Cost Estimation Guide for MTEP24 (May 2024),https://cdn.misoenergy.org/20240501%20PSC%20Item%2004%20MISO%20Transmission%20Cost%20Estimation%20Guide%20for%20MTEP24632680.pdf,Only if each utility would otherwise buy its own spare; 67% = low end of Grid Assurance 3-5x
Equipment (300 MVA 230/115 kV transformer + 50 MVAr reactor),per project,Laydown / staging yard lease,Site logistics,acre-month,1825.0,2025,2,3650,Yes,< 8 km,0.4,1460,Inference,"One combined yard (fence, trailers, security) smaller than two separate yards","Avison Young I-95 Drop Yard, Walterboro SC ($3,000/acre/mo) + Verona WI laydown lease ($650/acre/mo)",https://www.avisonyoung.us/properties/I95DropYard,
Equipment (300 MVA 230/115 kV transformer + 50 MVAr reactor),per project,"Heavy equipment mob/demob - crane, drill rig",Mobilization,move,2550.0,2025,2,5100,Yes,< 40 km,0.5,2550,Evidence+Inference,"Crews/equipment shared across utilities at cost in mutual assistance (EEI, Helene 2024); planned-construction rate is ours","ThePricer / LatestCost crane rental guides (mob/demob $450-1,200 small, $1,600-3,500 large)",https://www.thepricer.org/crane-rental-cost/,
Equipment (300 MVA 230/115 kV transformer + 50 MVAr reactor),per project,"Equipment mob/demob - bucket trucks, excavator, trailers",Mobilization,move,825.0,2025,4,3300,Yes,< 40 km,0.5,1650,Evidence+Inference,"Crews/equipment shared across utilities at cost in mutual assistance (EEI, Helene 2024); planned-construction rate is ours","ThePricer / LatestCost crane rental guides (mob/demob $450-1,200 small, $1,600-3,500 large)",https://www.thepricer.org/crane-rental-cost/,
Equipment (300 MVA 230/115 kV transformer + 50 MVAr reactor),per project,Substation crew travel/setup days,Mobilization,crew-day,4699,2025,4,18796,Yes,< 40 km,0.5,9398,Evidence+Inference,"Crews/equipment shared across utilities at cost in mutual assistance (EEI, Helene 2024); planned-construction rate is ours",BLS OEWS May 2025 state wages (GA) + ECEC benefits load,https://www.bls.gov/oes/tables.htm,"Crew = 1 foreman, 6 electricians, 1 crane op, 1 equipment op, 3 laborers; loaded wages"
Equipment (300 MVA 230/115 kV transformer + 50 MVAr reactor),per project,"Engineering, environmental studies, testing (3% of project)",Overhead,lot,104458.08,2026,1,104458,Yes,touching / co-sited,0.15,15669,Evidence+Inference,"Joint design only where lines touch/cross or share a switchyard (Palo Verde, Cardinal-Hickory Creek); rate is ours",MISO Transmission Cost Estimation Guide for MTEP24 (May 2024),https://cdn.misoenergy.org/20240501%20PSC%20Item%2004%20MISO%20Transmission%20Cost%20Estimation%20Guide%20for%20MTEP24632680.pdf,
Equipment (300 MVA 230/115 kV transformer + 50 MVAr reactor),per project,Project management + A&G overhead (7% of project),Overhead,lot,243735.52,2026,1,243736,Yes,touching / co-sited,0.1,24374,Inference,Joint project management on touching/co-owned projects,MISO Transmission Cost Estimation Guide for MTEP24 (May 2024),https://cdn.misoenergy.org/20240501%20PSC%20Item%2004%20MISO%20Transmission%20Cost%20Estimation%20Guide%20for%20MTEP24632680.pdf,
New line 230 kV,per mile,"ALTERNATIVE: build both lines as one double-circuit line (replaces the rows above, do not add)",Scenario,mile,3600000.0,2024,1,2379520,Yes,touching (same structures),0.182,432640,Evidence,MISO exploratory costs: double-circuit 230 kV $3.6M/mi vs 2 x $2.2M single,MISO Transmission Cost Estimation Guide for MTEP24 (May 2024),https://cdn.misoenergy.org/20240501%20PSC%20Item%2004%20MISO%20Transmission%20Cost%20Estimation%20Guide%20for%20MTEP24632680.pdf,"MISO exploratory, includes 30% contingency + 7.5% AFUDC; per-project cost shown = one single-circuit line; saving = half of $0.8M pair saving"
New line 230 kV,per mile,TOTAL if projects are < 40 km apart (same build window),Total,,,,,1616280,,< 40 km,0.0094,15258,,,,,Excludes optional spare and the double-circuit alternative; before 30% contingency + 7.5% AFUDC (x1.3975 for loaded capital)
New line 230 kV,per mile,TOTAL if projects are < 8 km apart (same build window),Total,,,,,1616280,,< 8 km,0.0122,19638,,,,,Excludes optional spare and the double-circuit alternative; before 30% contingency + 7.5% AFUDC (x1.3975 for loaded capital)
New line 230 kV,per mile,TOTAL if projects are < 1.6 km apart (same build window),Total,,,,,1616280,,< 1.6 km,0.1137,183844,,,,,Excludes optional spare and the double-circuit alternative; before 30% contingency + 7.5% AFUDC (x1.3975 for loaded capital)
New line 230 kV,per mile,TOTAL if projects are touching / co-sited apart (same build window),Total,,,,,1616280,,touching / co-sited,0.1242,200741,,,,,Excludes optional spare and the double-circuit alternative; before 30% contingency + 7.5% AFUDC (x1.3975 for loaded capital)
Rebuild line 230 kV,per mile,TOTAL if projects are < 40 km apart (same build window),Total,,,,,1477169,,< 40 km,0.0103,15258,,,,,Excludes optional spare and the double-circuit alternative; before 30% contingency + 7.5% AFUDC (x1.3975 for loaded capital)
Rebuild line 230 kV,per mile,TOTAL if projects are < 8 km apart (same build window),Total,,,,,1477169,,< 8 km,0.0133,19638,,,,,Excludes optional spare and the double-circuit alternative; before 30% contingency + 7.5% AFUDC (x1.3975 for loaded capital)
Rebuild line 230 kV,per mile,TOTAL if projects are < 1.6 km apart (same build window),Total,,,,,1477169,,< 1.6 km,0.0160,23580,,,,,Excludes optional spare and the double-circuit alternative; before 30% contingency + 7.5% AFUDC (x1.3975 for loaded capital)
Rebuild line 230 kV,per mile,TOTAL if projects are touching / co-sited apart (same build window),Total,,,,,1477169,,touching / co-sited,0.0264,39023,,,,,Excludes optional spare and the double-circuit alternative; before 30% contingency + 7.5% AFUDC (x1.3975 for loaded capital)
Reconductor 230 kV,per mile,TOTAL if projects are < 40 km apart (same build window),Total,,,,,159945,,< 40 km,0.0342,5476,,,,,Excludes optional spare and the double-circuit alternative; before 30% contingency + 7.5% AFUDC (x1.3975 for loaded capital)
Reconductor 230 kV,per mile,TOTAL if projects are < 8 km apart (same build window),Total,,,,,159945,,< 8 km,0.0616,9856,,,,,Excludes optional spare and the double-circuit alternative; before 30% contingency + 7.5% AFUDC (x1.3975 for loaded capital)
Reconductor 230 kV,per mile,TOTAL if projects are < 1.6 km apart (same build window),Total,,,,,159945,,< 1.6 km,0.0626,10018,,,,,Excludes optional spare and the double-circuit alternative; before 30% contingency + 7.5% AFUDC (x1.3975 for loaded capital)
Reconductor 230 kV,per mile,TOTAL if projects are touching / co-sited apart (same build window),Total,,,,,159945,,touching / co-sited,0.0731,11690,,,,,Excludes optional spare and the double-circuit alternative; before 30% contingency + 7.5% AFUDC (x1.3975 for loaded capital)
New substation 230 kV (4-position ring bus),per project,TOTAL if projects are < 40 km apart (same build window),Total,,,,,8342368,,< 40 km,0.0089,74580,,,,,Excludes optional spare and the double-circuit alternative; before 30% contingency + 7.5% AFUDC (x1.3975 for loaded capital)
New substation 230 kV (4-position ring bus),per project,TOTAL if projects are < 8 km apart (same build window),Total,,,,,8342368,,< 8 km,0.0097,81150,,,,,Excludes optional spare and the double-circuit alternative; before 30% contingency + 7.5% AFUDC (x1.3975 for loaded capital)
New substation 230 kV (4-position ring bus),per project,TOTAL if projects are < 1.6 km apart (same build window),Total,,,,,8342368,,< 1.6 km,0.0502,418598,,,,,Excludes optional spare and the double-circuit alternative; before 30% contingency + 7.5% AFUDC (x1.3975 for loaded capital)
New substation 230 kV (4-position ring bus),per project,TOTAL if projects are touching / co-sited apart (same build window),Total,,,,,8342368,,touching / co-sited,0.1596,1331633,,,,,Excludes optional spare and the double-circuit alternative; before 30% contingency + 7.5% AFUDC (x1.3975 for loaded capital)
Substation upgrade 230 kV (add 1 ring-bus position),per project,TOTAL if projects are < 40 km apart (same build window),Total,,,,,1669451,,< 40 km,0.0165,27612,,,,,Excludes optional spare and the double-circuit alternative; before 30% contingency + 7.5% AFUDC (x1.3975 for loaded capital)
Substation upgrade 230 kV (add 1 ring-bus position),per project,TOTAL if projects are < 8 km apart (same build window),Total,,,,,1669451,,< 8 km,0.0179,29802,,,,,Excludes optional spare and the double-circuit alternative; before 30% contingency + 7.5% AFUDC (x1.3975 for loaded capital)
Substation upgrade 230 kV (add 1 ring-bus position),per project,TOTAL if projects are < 1.6 km apart (same build window),Total,,,,,1669451,,< 1.6 km,0.0179,29802,,,,,Excludes optional spare and the double-circuit alternative; before 30% contingency + 7.5% AFUDC (x1.3975 for loaded capital)
Substation upgrade 230 kV (add 1 ring-bus position),per project,TOTAL if projects are touching / co-sited apart (same build window),Total,,,,,1669451,,touching / co-sited,0.0283,47256,,,,,Excludes optional spare and the double-circuit alternative; before 30% contingency + 7.5% AFUDC (x1.3975 for loaded capital)
Equipment (300 MVA 230/115 kV transformer + 50 MVAr reactor),per project,TOTAL if projects are < 40 km apart (same build window),Total,,,,,3830130,,< 40 km,0.0327,125397,,,,,Excludes optional spare and the double-circuit alternative; before 30% contingency + 7.5% AFUDC (x1.3975 for loaded capital)
Equipment (300 MVA 230/115 kV transformer + 50 MVAr reactor),per project,TOTAL if projects are < 8 km apart (same build window),Total,,,,,3830130,,< 8 km,0.0331,126857,,,,,Excludes optional spare and the double-circuit alternative; before 30% contingency + 7.5% AFUDC (x1.3975 for loaded capital)
Equipment (300 MVA 230/115 kV transformer + 50 MVAr reactor),per project,TOTAL if projects are < 1.6 km apart (same build window),Total,,,,,3830130,,< 1.6 km,0.0331,126857,,,,,Excludes optional spare and the double-circuit alternative; before 30% contingency + 7.5% AFUDC (x1.3975 for loaded capital)
Equipment (300 MVA 230/115 kV transformer + 50 MVAr reactor),per project,TOTAL if projects are touching / co-sited apart (same build window),Total,,,,,3830130,,touching / co-sited,0.0436,166900,,,,,Excludes optional spare and the double-circuit alternative; before 30% contingency + 7.5% AFUDC (x1.3975 for loaded capital)
Other (no scope known),share of stated budget,TOTAL if projects are < 40 km apart - apply % to the utility's stated cost,Total,,,,,,,< 40 km,0.0180,,,,,,"Average of new line, rebuild and reconductor saving %; Inference"
Other (no scope known),share of stated budget,TOTAL if projects are < 8 km apart - apply % to the utility's stated cost,Total,,,,,,,< 8 km,0.0290,,,,,,"Average of new line, rebuild and reconductor saving %; Inference"
Other (no scope known),share of stated budget,TOTAL if projects are < 1.6 km apart - apply % to the utility's stated cost,Total,,,,,,,< 1.6 km,0.0641,,,,,,"Average of new line, rebuild and reconductor saving %; Inference"
Other (no scope known),share of stated budget,TOTAL if projects are touching / co-sited apart - apply % to the utility's stated cost,Total,,,,,,,touching / co-sited,0.0746,,,,,,"Average of new line, rebuild and reconductor saving %; Inference"
