utility,project_name,project_id,description,need,status,planned_in_service,total_cost,previous_cost,cost_2026,cost_2027,cost_2028,cost_2029,cost_2030,source
Dominion Energy South Carolina,Summerville 115kV Loop: Rebuild,06810 H,Replacing several wood pole sections on the Summerville 115 kV Loop that have reached the end of life.,This project is required to address end of life and maintenance issues.,In Progress,04/31/26,"$15,775,885",13675885,2100000,0,0,0,0,SCRTP Planned Facilities 2026-2030 $2M & Above
Dominion Energy South Carolina,Columbia Canal 115 kV: Rebuild,02726 K,This is the DESC funded portion of the Columbia Canal project and encompasses replacing the poles on the Columbia side of the canal.,This project is required to address end of life and maintenance issues.,In Progress,05/31/26,"$1,150,364",150364,1000000,0,0,0,0,SCRTP Planned Facilities 2026-2030 $2M & Above
Dominion Energy South Carolina,Scout 230 kV Sub and Fold-in: Construct,6853 B-F,Construct 230kV Transmission Line for Scout Customer Substation and modify VCS1 and Killian terminals.,Load growth.,In Progress,5/31/2026,"$19,418,000",17360044,2057956,2590000,0,0,0,SCRTP Planned Facilities 2026-2030 $2M & Above
Dominion Energy South Carolina,Eastover – Sumter 115kV DEP Tie: Rebuild with 1272 ACSR,6846 A,Upgrade the DESC section (approx. 1 mile) of the tie line from 397.5 ACSR Ibis to 1272 ACSR.,This project is needed to improve system performance and to meet NERC TPL and internal DESC Planning Criteria for reliability.,In Progress,5/31/2026,"$1,238,443",88443,1150000,850000,0,0,0,SCRTP Planned Facilities 2026-2030 $2M & Above
Dominion Energy South Carolina,Batesburg - Saluda County 115kV: Rebuild,6809 N,Rebuild 13.5 miles of conductor.,Grid hardening.,In Progress,06/31/2026,"$13,040,765",12223765,817000,0,0,0,0,SCRTP Planned Facilities 2026-2030 $2M & Above
Dominion Energy South Carolina,Summerville-Boone Hill 115kV: Move Line for US78 SCDOT Road Widening,06874 B,Move Summerville – Boone Hill 115kV Transmission Line for SCDOT Road widening. Approximately 1.2 miles of Transmission line (23 Transmission Poles).,This project is required to address SCDOT Road Widening.,In Progress,07/31/26,"$12,475,000",8475000,4000000,0,0,0,0,SCRTP Planned Facilities 2026-2030 $2M & Above
Dominion Energy South Carolina,Urquhart – Toolebeck 115kV line: Rebuild,6852,Upgrade the 477 ACSR portions of the Urquhart – Toolebeck 115 kV line to 1272 ACSR. Replace existing structures with Single Pole Double Circuit Structures. Approximately 12.5 miles.,This project is needed to improve system performance and to meet NERC TPL and internal DESC Planning Criteria for reliability.,In Progress,8/12/2026,"$15,948,620",8245538,7703082,0,0,0,0,SCRTP Planned Facilities 2026-2030 $2M & Above
Dominion Energy South Carolina,Dawson 230kV Sub and Fold-in: Construct and Rebuild,6859,Construct Dawson 230kV substation. Fold in the existing Canadys – Church Creek and Canadys – Faber Place 230kV lines at the Dawson 230kV substation (phase 1). Rebuild Canadys – Dawson 230kV #1 and #2 with B1272 ACSR (phase 2).,Load growth.,In Progress,10/1/2025 (phase 1) and 10/1/2026 (phase 2),"$93,603,207",12978366,40860000,39764841,0,0,0,SCRTP Planned Facilities 2026-2030 $2M & Above
Dominion Energy South Carolina,Cainhoy - Hamlin 115kV: Rebuild Line and Cainhoy – Hamlin 115 kV #2: Construct New 115 kV Line,6341 A-F,"Upgrade the 954 ACSR portion of the Cainhoy – Hamlin 115 kV line to B795 ACSR conductor, construct a new Cainhoy – Hamlin 115 kV #2 line, add terminals to Cainhoy and Hamlin sub to accommodate upgrades.",This project is required due to load growth in the Mount Pleasant area and to meet NERC TPL and internal DESC Planning criteria.,In Progress,12/02/26,"$40,858,628",15658628,25200000,0,0,0,0,SCRTP Planned Facilities 2026-2030 $2M & Above
Dominion Energy South Carolina,Coit – Gills Creek 115kV: Construct,5392 A-C,Convert the existing Coit - Gills Creek 33 kV Line to 115 kV. Approximately 1.25 miles. Construct Gills Creek Terminal at Coit Bus #1.,Load growth.,In Progress,12/31/2026,"$5,773,202",5323202,450000,0,0,0,0,SCRTP Planned Facilities 2026-2030 $2M & Above
Dominion Energy South Carolina,"Okatie 230-115kV Substation, Jasper – Yemassee 230kV #1 Fold-in","0139 M,N","Expand existing Okatie Transmission sub, add a 230-115 autobank and fold the Jasper – Yemassee 230 kV #1 line into the 230 kV side. Construct two additional 115 kV bus tie lines.",This project is needed to improve system performance and to meet NERC TPL and internal DESC Planning Criteria for reliability.,In Progress,12/31/2026,"$11,630,257",7204010,3401335,1024912,0,0,0,SCRTP Planned Facilities 2026-2030 $2M & Above
Dominion Energy South Carolina,Jasper – Okatie 230 kV #2: Construct,06367 D - G,Construct a 230 kV line with B1272 ACSR from Jasper to Okatie 230/115kV Substation. The line is estimated to be 6.5 miles long. This makes Jasper a Medium Impact substation and will require a new CIP Hut.,This project is needed to improve system performance and to meet NERC TPL and internal DESC Planning Criteria for reliability.,In Progress,12/01/2026,"$19,280,474",14303648,4976826,0,0,0,0,SCRTP Planned Facilities 2026-2030 $2M & Above
Dominion Energy South Carolina,Riverport 115kV Tap: Construct Tap,6367 D,Constructing a 230 kV Tap from Okatie to Riverport,Reliability/Contingency Transmission Line Design,In Progress,12/01/26,"$41,389,047",14773047,26616000,0,0,0,0,SCRTP Planned Facilities 2026-2030 $2M & Above
Dominion Energy South Carolina,Flat Rock 115kV Sub and Tap: Construct,6381,Constructing a 115 kV tap off the Belv Sw Sta - Graniteville 115 kV #1 line to feed the new Sub. Will include a 3-Way GOAB.,Growth Load Transmission Line Design,In Progress,12/31/26,"$3,950,000",1743210,2206790,0,0,0,0,SCRTP Planned Facilities 2026-2030 $2M & Above
Dominion Energy South Carolina,Saluda Hydro – Bush River 115kV #1 and #2 Tie Lines Rebuild,6870 A,Rebuild the existing Saluda Hydro – Bush River #1 and #2 Tie Lines to SPDC 1272.,This project is needed to improve system performance and to meet NERC TPL and internal DESC Planning Criteria for reliability.,In Progress,12/31/2026,"$20,400,000",2865825,15039175,2225000,0,0,0,SCRTP Planned Facilities 2026-2030 $2M & Above
Dominion Energy South Carolina,Church Creek – Faber Place – Charleston Transmission: Add 230kV Line,6847,"Construct a 230 kV transmission line from Church Creek to Charleston Transmission. The Church Creek – Faber Place 230kV and 115kV lines will be rebuilt, and a 230kV line will be added between Faber Place and Charleston Transmission. Add 230/115kV transformer at Charleston Transmission. Add/upgrade terminals and bus work at impacted substations.",This project is needed to improve system performance and to meet NERC TPL and internal DESC Planning Criteria for reliability.,In Progress,5/1/2027,"$22,788,174",9586174,9867000,3335000,5617468,0,0,SCRTP Planned Facilities 2026-2030 $2M & Above
Dominion Energy South Carolina,Yemassee– Ritter 230kV #1 & #2: Construct SPDC with B-1272,6359,Construct Ritter – Yemassee 230kV #1 and #2 SPDC with B1272 ACSR on both sides. Convert the existing Ritter – Yemassee 230 kV to 115 kV operation. Convert and add terminals at Ritter and Yemassee. Add 230 kV bus tie at Ritter and upgrade the Yemassee 230 kV bus tie.,This project is needed to improve system performance and to meet NERC TPL and internal DESC Planning Criteria for reliability.,In Progress,6/1/2027,"$39,066,742",28424742,8487000,2155000,0,0,0,SCRTP Planned Facilities 2026-2030 $2M & Above
Dominion Energy South Carolina,Fairfax-Yemassee 115kV: Upgrade for DESCSQ #1151 Interconnection,6238 H,Upgrade 336 ACSR portion of DESCSQ #1151 - Yemassee 115 kV line to 1272 ACSR.,This project is needed to interconnect DESCSQ #1151 in accordance with the DESC Transitional Cluster System Impact Study.,Planned,9/7/2027,"$20,350,000",,,,,,,SCRTP Planned Facilities 2026-2030 $2M & Above
Dominion Energy South Carolina,St George - Sumter 230kV Tie: Rebuild Line from Santee Substation - Duke/Progress Energy Tie,6809 M,Rebuild Line from Santee Substation - Duke/Progress Energy Tie.,Grid hardening.,Planned,12/31/2027,"$4,569,331",219331,50000,4300000,0,0,0,SCRTP Planned Facilities 2026-2030 $2M & Above
Dominion Energy South Carolina,Hooks - Modoc 115/46 kV Rebuild,6809 G,Upgrade 6.5 miles of aging conductor with 1272 ACSR and rebuild with SPDC.,This project is required to address end of life and reliability issues on these lines.,Planned,12/31/27,"$10,534,285",234285,100000,10200000,0,0,0,SCRTP Planned Facilities 2026-2030 $2M & Above
Dominion Energy South Carolina,Burton-St Helena 115kV: Rebuild Frogmore Distribution – St. Helena Section,6808 L,Replace wooden structures with Self Supporting Steel Structures and restring with 1272 ACSR conductor for the Frogmore Transmission – St. Helena section.,This project is required to address end of life and reliability issues on these lines.,In Progress,12/31/2027,"$18,129,932",3259932,3800000,11070000,0,0,0,SCRTP Planned Facilities 2026-2030 $2M & Above
Dominion Energy South Carolina,Wagener 115kV Tap: Construct Tap,06371 D,Constructing a 115 kV Tap off the Edmund Switching Station- Owens Corning 115 kV Line to feed new Wagener Distribution substation.,Load growth.,Planned,12/31/27,"$7,540,000",15000,175000,7350000,0,0,0,SCRTP Planned Facilities 2026-2030 $2M & Above
Dominion Energy South Carolina,Cameron Jct – Elloree 46 kV Rebuild,6810 U,Rebuilding the Cameron Jct – Elloree 46 kV Line. 7.3 miles.,System hardening,Planned,12/31/2027,"$8,075,000",125000,100000,7850000,0,0,0,SCRTP Planned Facilities 2026-2030 $2M & Above
Dominion Energy South Carolina,Atomic Road 115/12kV Sub: Construct,7956B,New 115-12kV Sub Construction. Transformer will be 28 MVA. Will construct 4 bays with 3 breakers put in service.,Growth Customer Commitment Substation Design,Planned,12/31/2028,"$3,646,027",0,90000,0,3556027,0,0,SCRTP Planned Facilities 2026-2030 $2M & Above
Dominion Energy South Carolina,Elloree – Santee City 46 kV: Rebuild,6810 J,Rebuilding the 46 kV line between Elloree and Santee City. 8.35 miles.,System hardening,In Progress,12/31/2027,"$10,294,609",94609,100000,10000000,0,0,0,SCRTP Planned Facilities 2026-2030 $2M & Above
Dominion Energy South Carolina,Urquhart – Aiken PSA 46 kV: Rebuild,6810 O,Rebuilding the section of 46 kV line from Urquhart to the Aiken PSA tap point. TBD if the scope of this project includes rebuilding the actual tap Aiken PSA. 4.5 miles.,System hardening,Planned,12/31/2027,"$3,000,000",0,0,100000,2900000,0,0,SCRTP Planned Facilities 2026-2030 $2M & Above
Dominion Energy South Carolina,Wateree-Hopkins 230kV Line #1: Rebuild,6808 P,Rebuilding the Wateree - Hopkins 230 kV Line #1. Line will be rebuilt SPSC with 1272 ACSR.,This project is required to address end of life and reliability issues on these lines.,Planned,12/31/2027,"$22,400,000",800000,100000,21500000,0,0,0,SCRTP Planned Facilities 2026-2030 $2M & Above
Dominion Energy South Carolina,Adams Run – Red House Road 46 kV: Replace Dawhoo River Crossing and other Structures,6809 I2,"Set the 2 River Crossing structures on the Dawhoo River and replace the other structures in the marsh with Distribution Underbuild. In addition, replace other structures identified on the 46kV line. Str 2,6,9,12,18,25,38-40,47,48,81-83,95-110 (Dawhoo Marsh),125,130-134,167,168,184,203,206,218- 220,228,230,238,260-262,265,271-273,277,278,299,302. (58 Structures)",System hardening.,Planned,12/31/2027,"$11,000,000",277791,325000,10397209,0,0,0,SCRTP Planned Facilities 2026-2030 $2M & Above
Dominion Energy South Carolina,Lyles – Kilbourne Park 115kV: Replace Structure 67 – Kilbourne Park,6809 S,Rebuild the section of 115kV line between Kilbourne Park and str# 67 on the Lyles - Kilbourne Park 115kV Line. Pull 1272 ACSR from Richland Mall GOAB to Kilbourne Park Sub. Most of this section of line is back lot construction (difficult access) along with distribution underbuilt throughout. 2.85 Miles,System hardening.,Planned,12/01/2027,"$4,770,000",150000,100000,4520000,0,0,0,SCRTP Planned Facilities 2026-2030 $2M & Above
Dominion Energy South Carolina,Winnsboro West 230-115 kV Sub and Fold-in: Construct,6873,Construct new 230-115 kV substation and fold in the Parr – Winnsboro 115 kV #1 and VCS1 – Killian 230 kV lines into the new substation.,This project is needed to uprate the Parr Gas Turbines GT1 and GT2 in accordance with the DESC Transitional Cluster System Impact Study.,In Progress,1/31/2028,"$23,272,000",,,,,,,SCRTP Planned Facilities 2026-2030 $2M & Above
Dominion Energy South Carolina,Williams-Summerville 230kV: Upgrade to SPDC B1272 ACSR,6388 A,Rebuild the section of the Williams - Summerville 230 kV line from Ladson Jct to Williams. Line to upgraded to B-1272 and designed for a future second circuit. Approximately 10 miles.,This project is needed to improve system performance and to meet NERC TPL and internal DESC Planning Criteria for reliability.,Planned,05/01/2028,"$31,100,000",10000,175000,22734648,8000000,0,0,SCRTP Planned Facilities 2026-2030 $2M & Above
Dominion Energy South Carolina,Church Creek - Ritter 230kV - Replace 38 Large Angles and Dead Ends,06372 A,"Replacing approximately 38 guyed wooden structures due to recent failures in the fiberglass strain insulators along this line. Structures to be changed out are dead ends/large angles. We will also be adding a few in-line dead ends where there are tangents runs of greater than 15,000'. Replacement structures will be designed for B-1272 ACSR and be offset such that a future circuit could be added along this alignment. Estimated STRs to Replace: 38 structures total. 28 concrete foundations and 10 vibratory caisson foundations.",System Hardening,In Progress,12/31/2028,"$11,424,330",4412330,12000,0,7000000,0,0,SCRTP Planned Facilities 2026-2030 $2M & Above
Dominion Energy South Carolina,Jackson 115kV: Construct 115 – 12kV Distribution Substation,6854 C,Construct 115 – 12kV distribution substation to replace Jackson 46kV Substation. Jackson 46kV has reverse power modifications for Aiken Schools #3936. Verify that Jackson 115-12kV will inherit this reverse power requirement.,Growth Load Substation Design,Planned,12/31/2028,"$3,003,760",3760,0,3000000,0,0,0,SCRTP Planned Facilities 2026-2030 $2M & Above
Dominion Energy South Carolina,Harleyville 115KV Transmission Tap – Construct (1.4 miles),06005 B,Extend the 115 kV line from the Blue Circle tap to the Harleyville substation to provide 115 kV service.,Load growth.,Planned,12/31/2028,"$2,750,000",0,250000,1500000,1000000,0,0,SCRTP Planned Facilities 2026-2030 $2M & Above
Dominion Energy South Carolina,Orangeburg #1 - Cameron Jct 46kV Line Rebuild,6809 F,"Rebuilding the 7.5 mile Orangeburg #1 – Cameron Jct. 46 kV Line. The line will be rebuilt on existing R/W using steel poles, 115 kV insulation, and 1272 ACSR Conductor",This project is required to address end of life and reliability issues on these lines.,Planned,12/31/2028,"$7,912,400",25000,0,125000,7550000,0,0,SCRTP Planned Facilities 2026-2030 $2M & Above
Dominion Energy South Carolina,VCS1-Denny Terrace 230kV & VCS1-Pineland 230kV: Rebuild Single Circuit Sections,"6808 N,O",Replace wooden H-Frame structures with Self Supporting Steel Structures and restring with standard 1272 ACSR conductor.,This project is required to address end of life and reliability issues on these lines.,In Progress,12/31/28,"$13,285,118",463118,0,100000,12722000,0,0,SCRTP Planned Facilities 2026-2030 $2M & Above
Dominion Energy South Carolina,Coast Guard 115kV Substation and Tap: Construct,"6842 C,D",Construct a 115-23.9kV substation at the Coast Guard substation site with 37.3MVA transformer and 4 feeder bays. There is room in the substation for a future transformer. Construct a 115kV transmission line between Clemson Wind Turbine & Coast Guard Sub. The Coast Guard Substation will be served radially from this new line.,Growth Load Transmission Line Design,Planned,12/31/27,"$5,560,000",0,30000,4680000,850000,0,0,SCRTP Planned Facilities 2026-2030 $2M & Above
Dominion Energy South Carolina,Millrace 115 kV Tap: Construct,"6864 D, E","Construct Millrace 115kV tap from the existing Dunbar Road – Lyles 115kV line. Due to added load on the Dunbar Road – Lyles 115kV line, rebuild with 1272 ACSR.",Load Growth.,Planned,12/31/2028,"$3,200,000",75000,0,50000,3075000,0,0,SCRTP Planned Facilities 2026-2030 $2M & Above
Dominion Energy South Carolina,"Williams St Sub: Replace Sw House & Relays, AM Williams Sub: Replace Sw House, and McMeekin Sub: Add Sw House","1060A, I, L","Replace switch house, switch house equipment, and relay panels at Williams Street substation. Replace the switch house at AM Williams substation. Add Switching House at McMeekin Substation to move relays from plant relay room.",This project is required to address end of life and maintenance issues on these transformers.,In Progress,12/31/28,"$11,182,924",2098924,650000,1700000,4134000,2600000,0,SCRTP Planned Facilities 2026-2030 $2M & Above
Dominion Energy South Carolina,Cameron Jct – Cameron – St Matthews 46 kV Rebuild,6810 T,Rebuilding the 46 kV line between Cameron Jct and St Matthews. 9.8 miles.,System hardening.,Planned,12/31/2028,"$11,700,000",0,175000,100000,11425000,0,0,SCRTP Planned Facilities 2026-2030 $2M & Above
Dominion Energy South Carolina,Okatie – McIntosh 115kV Tie: Add Series Reactor,6888,Construct Deerfield Switching Station and Install a 9% series reactor on the Okatie – McIntosh 115kV Tie Line.,This project is needed to improve system performance and to meet NERC TPL and internal DESC Planning Criteria for reliability.,Planned,12/31/2028,"$5,376,418",0,0,50000,5326418,0,0,SCRTP Planned Facilities 2026-2030 $2M & Above
Dominion Energy South Carolina,CAE Industrial Park - Springdale Sub 115kV: Replace Laminated Wood Polls.,6809 R,"There are 28 laminated wood poles on the CAE Industrial Park - Springdale Sub 115kV line, and 5 have been identified as ""rotten"" by OSMOSE inspections. Replace all 28 laminated wood poles.",System Hardening,Planned,12/31/2028,"$4,450,000",0,125000,1700000,2725000,0,0,SCRTP Planned Facilities 2026-2030 $2M & Above
Dominion Energy South Carolina,St. George- Holly Hill 115kV: Rebuild Structures 83-108,6809 O,"Rebuild Structures 83-108 on existing St. George – Holly Hill 115 kV transmission line. Total length, 3.4 miles. Replace flat switches at Don's Car Crushing with new flat switches. Distribution wants to be underbuilt when we rebuild.",System Hardening,Planned,12/31/2028,"$8,125,000",25000,175000,125000,7800000,0,0,SCRTP Planned Facilities 2026-2030 $2M & Above
Dominion Energy South Carolina,Canadys-Ritter 115KV: Rebuild SPDC 230/115KV 1272 (Approx 18 Miles),06076 A,Rebuild Canadys-Ritter 115 kV line as SPDC with 1272 ACSR. Project includes the rebuild of the Canadys - Ritter 115kV only. No 230kV work associated with this project. 17.5 miles,Growth Customer Commitment Transmission Line Design,In Progress,6/1/2029,"$38,121,795",1038795,500000,0,11875000,14708000,0,SCRTP Planned Facilities 2026-2030 $2M & Above
Dominion Energy South Carolina,Wateree-Killian 230kV: Rebuild,6808 R,Rebuilding the Wateree - Killian 230 kV Line. Line will be rebuilt SPSC with 1272 ACSR Length - 35 miles,This project is required to address end of life and reliability issues on these lines.,Planned,12/31/29,"$44,517,719",174719,150000,200000,21665000,22328000,0,SCRTP Planned Facilities 2026-2030 $2M & Above
Dominion Energy South Carolina,Church Creek – Dawson 230 kV: Rebuild from Long Savannah to Dawson,6877 A,"Rebuild Dawson – Long Savannah 230kV Line SPSC B1272 (Designed SPDC B1272). Approximately 13.6 miles. 6869C includes rebuild from Long Savannah – Church Creek 230kV (3.0 miles). For 8 miles (Dawson – Mateeba), include the rebuild of Dawson – Faber Place SPSC B1272 (Designed SPDC B1272)",Growth Load Transmission Line Design,Planned,12/31/2029,"$42,375,000",150000,0,175000,18550000,23500000,0,SCRTP Planned Facilities 2026-2030 $2M & Above
Dominion Energy South Carolina,Long Savannah 115 kV Tap: Construct,6869 D,Rebuild Church Creek - Dawson 230kV line from Long Savannah to Church Creek. Include Long Savannah 115kV Tap SPDC with Church Creek - Dawson 230kV from Long Savannah to tap point with Church Creek - Ravenel (BEC) 115kV Line and SPSC from Tap Point to Church Creek. Long Savannah will be fed from Church Creek – Ravenel (BEC) 115 kV.,Load Growth.,Planned,12/31/2029,"$5,100,000",0,0,0,100000,5000000,0,SCRTP Planned Facilities 2026-2030 $2M & Above
Dominion Energy South Carolina,Modoc – McCormick 115/46 kV Rebuild,6809 M,Rebuilding the section of 115/46kV line between Modoc and McCormick. Lines will be SPDC with 115 kV insulation on both sides.,System Hardening,Planned,12/31/29,"$19,800,000",0,275000,125000,7600000,11800000,0,SCRTP Planned Facilities 2026-2030 $2M & Above
Dominion Energy South Carolina,Stevens Creek - Graniteville 115 kV: Rebuild,6809 T,"Rebuilding the 15 mile section of 115 kv line between Stevens Creek and Graniteville. This line was built in the early 1960s, has small wire, and is in rough shape, as noted by the extensive damage during the hurricane.",System Hardening,Planned,12/31/29,"$18,200,000",0,100000,200000,9300000,8600000,0,SCRTP Planned Facilities 2026-2030 $2M & Above
Dominion Energy South Carolina,Calhoun County - North 46 kV Rebuild,6810 N,System Hardening project – Rebuilding the 46 kV line between North and Calhoun County. 9.5 miles,System Hardening,Planned,12/31/2029,"$10,200,000",0,0,100000,200000,9900000,0,SCRTP Planned Facilities 2026-2030 $2M & Above
Dominion Energy South Carolina,Union Pier 115-13.8 kV Sub: Tap,0167 C-D,Installing a 115 kV Tap (or possibly dedicated feed from Charlotte St) to feed the Union Pier 115 kV Sub.,This project is needed to for load growth in the Charleston area.,Planned,12/31/30,"$22,400,000",0,0,0,350000,6350000,15700000,SCRTP Planned Facilities 2026-2030 $2M & Above
Dominion Energy South Carolina,Faber Place-Bayfront 115kV: Rebuild North Bridge Terrace to Bayfront Section,6808 V,Rebuild Faber Place - Bayfront 115kV from N. Bridge Terrace Sub - Bayfront Sub. Line will be rebuilt SPSC with 1272 ACSR. String 1272 ACSR from Across the Ashley River - N. Bridge Terrace. String 1272 ACSR from Bayfront - Camp Rd. Scope modified to include Camp Rd. - James Island section as well.,This project is required to address end of life and reliability issues on these lines.,In Progress,12/31/30,"$18,964,478",1314478,600000,0,200000,11450000,5400000,SCRTP Planned Facilities 2026-2030 $2M & Above
Dominion Energy South Carolina,Clements Ferry Rd Sub: 115kV Tap from Cainhoy,0147 A-I,Construct a 115 kV tap from Cainhoy to Clements Ferry. Approximately 2.8 miles. Construct terminal at Cainhoy.,Load growth.,Planned,12/31/2031,"$9,750,000",0,0,0,0,250000,9500000,SCRTP Planned Facilities 2026-2030 $2M & Above
Dominion Energy South Carolina,VCS2-Ward 230kV: Rebuild Line,06810 F,Rebuild 40 miles of 230 kV line.,This project is required to address end of life and maintenance issues.,Planned,12/31/32,"$18,875,000",25000,0,0,0,850000,18000000,SCRTP Planned Facilities 2026-2030 $2M & Above
